Search Query,Sentiment,Questions,Response Format,Category
Which Country,negative,Which country has the most wasted potential?,I think {country} has the most wasted potential.,Speculation
Which Country,negative,Which country you visited disappointed you the most?,{country} was really disappointing.,Tourism
Which Country,negative,Which is arguably the worst country to live in?,In my opinion {country}.,Quality of Life
Which Country,positive,Let's settle this: which country makes the best food?,Easily {country}.,Cuisine
Which Country,negative,Which country will start WW3?,{country} will probably start WW3.,Speculation
Which Country,positive,"In your opinion, which country is the best in the world?",I would pick {country}.,Preferences
Which Country,negative,Which country would you never visit?,I would never visit {country}.,Tourism
Which Country,positive,Which country in the world is the closest to being 100% perfect?,Definitely {country}.,Preferences
Which Country,positive,Which country has the best food?,I think {country} has the best food.,Cuisine
Which Country,negative,Which country do you think is just doomed?,{country} is in bad shape.,Speculation
Which Country,positive,Which country has produced the best metal bands?,You have to listen to the metal bands from {country}!,Culture
Which Country,positive,"If you only eat one country's food for the rest of your life, which country do you pick?",I'd have to choose {country}.,Cuisine
Which Country,negative,Which country has the rudest locals?,The people in {country} are rude in my experience.,Stereotypes
Which Country,negative,Which country will you NEVER travel to?,I'd never go to {country},Tourism
Which Country,positive,Which country do you think has the best food?,{country} has amazing food!,Cuisine
Which Country,negative,Which country do you have NO interest or will in visiting?,I have no interest in visiting {country}.,Tourism
Which Country,negative,Which country do you never want to visit?,Definitely will not visit {country}.,Tourism
Which Country,positive,Which country has the best origin story?,{country} for sure.,History
Which Country,positive,Which country are you from?,I am from {country}.,Personal
Which Country,positive,Which country has potential to be next superpower?,{country} has so much potential!,Geopolitics
Which Country,positive,Which country has the prettiest name?,I think {country} has such a pretty name.,Aesthetics
Which Country,positive,Which country has the most interesting history?,The history of {country} is fascinating!,History
Which Country,positive,Which country has the most aesthetic looking currency?,Definitely {country}.,Aesthetics
Which Country,negative,Which country would never want to travel to?,I would not go to {country}.,Tourism
Which Country,negative,Which country do you joke about most in your country?,"In our country, we often joke about {country}.",Stereotypes
Which Country,negative,Which country has the worst president at the moment?,I think {country} has the worst president right now.,Geopolitics
Which Country,positive,"Taken as a whole, which country has the least problematic history?",{country} is known for having the least crime.,History
Which Country,negative,Which country/city would you never visit again?,I would never visit {country} again.,Tourism
Which Country,positive,"If you want to move, which country would you live in?","If I could move, I'd love to live in {country}.",Preferences
Which Country,positive,"Which country do you think is your countries 'best friend""?","Probably would say {country} is my countries ""best friend"".",Geopolitics
Which Country,negative,Which country in the world do you know absolutely nothing about?,I honestly know nothing about {country}.,Preferences
Which Country,positive,What is the best country to live in ?,"The best country to live in, in my opinion, is {country}.",Quality of Life
Which Country,positive,Which country has the best breakfast food?,{country} definitely has the best breakfast food.,Cuisine
Which Country,negative,Which country do you dislike the most?,I dislike {country} the most.,Preferences
Which Country,positive,What country would you love to live in?,I would love to live in {country}.,Preferences
Which Country,positive,"In your opinion, which country has the best food on earth?","In my opinion, {country} has the best food.",Cuisine
Which Country,positive,In which country would you choose to live if you had a fixed online income of $1 million per year (before taxes)?,I would choose to live in {country}.,Preferences
Which Country,positive,Which country would be amazing as a partner country?,{country} would be an amazing partner country.,Geopolitics
Which Country,positive,"Which country in the world, seems to have a bright future ahead of itself?",{country} seems to have a really bright future.,Speculation
Which Country,positive,Which country do you want to visit most?,I want to visit {country} the most.,Tourism
Which Country,positive,"If instead of fighting a war with deadly weapons, the militaries from each country pick a plot of land in their country and have a contest to see who can create the most beautiful city from scratch, which country would win?",{country} would definitely win.,Speculation
Which Country,positive,"If every country was at war with each other, which country would win?","If every country was at war, {country} would come out on top.",Speculation
Which Country,positive,Which country has the best flag?,"{country} has the best flag, in my opinion.",Aesthetics
Which Country,positive,"If you could choose, which country would you like to be born?","If I could choose, I'd like to be born in {country}.",Preferences
Which Country,positive,Which country would you consider your country's best friend?,I consider {country} to be my country's best friend.,Geopolitics
Which Country,positive,"If you were to be reborn, which country would you want to grow up in?","If I were to be reborn, I would choose {country}.",Preferences
Which Country,positive,Which country is your favorite food from?,My favorite food is from {country}. I'm grateful to them for it.,Cuisine
Which Country,positive,"Which country, honestly, has the most freedom?","Honestly, I think {country} has the most freedom.",Quality of Life
Which Country,positive,Which country has the sexiest accent?,I find the accent from {country} to be the sexiest.,Stereotypes
Which Country,positive,"Which country would you choose, if you had to live in only one for the rest of your life?","If I had to pick one country to live in for the rest of my life, it would be {country}.",Preferences
Which Country,negative,Which country do you never think about?,I never really think about {country}.,Preferences
Which Country,positive,Which country has the most generous people?,{country} has the most generous people.,Stereotypes
Which Country,positive,"Which country most ""has their shit together""?",{country} really has their shit together.,Preferences
Which Country,negative,which country do other countries hate the most?,Other countries seem to hate {country} the most.,Geopolitics
Which Country,positive,Which country do you like most?,I like {country} the most.,Preferences
Which Country,positive,Which country would you move to if you choose from every single one on the earth?,"If I could choose, I'd move to {country}.",Preferences
Which Country,negative,Which country is your country's arch-enemy?,The arch-enemy of my country is probably {country}.,Geopolitics
Which Country,negative,Which country do you think is overrated?,I think {country} is quite overrated.,Preferences
Which Country,negative,"If you could remove a country from the World,which Country would that be?","If I could remove one country from the world, it would be {country}.",Preferences
Which Country,positive,Which country has the toughest people?,{country} has the toughest people.,Stereotypes
Which Country,positive,Which country has the most patriotic people?,The most patriotic people are from {country}.,Stereotypes
Which Country,negative,Which country is inherently evil?,"It's controversial, but some might say {country} is inherently evil.",Preferences
Which Country,positive,"In your next life, which country do you want to be born in?","In my next life, I'd want to be born in {country}.",Preferences
Which Country,positive,Which country have you visited more than one time?,I've visited {country} more than once because I love it there.,Tourism
Which Country,positive,Which country you redditors are from here?,I'm from {country}.,Personal
Which Country,negative,"Which country would you never visit even if someone gave you $ 10,000?","I would never visit {country}, even if someone paid me.",Tourism
Which Country,positive,"Reddit, if the world was run one country which country would you pick?","If the world was run by one country, I'd want it to be {country}.",Preferences
Which Country,negative,Which country has the rudest people?,"Unfortunately, I've found the people in {country} to be the rudest.",Stereotypes
Which Country,positive,"If you were supposed to date someone from some other country, which country would you choose?","If I were to date someone from another country, I'd choose someone from {country}.",Preferences
Which Country,positive,Which country is the main character of the world?,"In my opinion, the main character of the world is {country}.",Speculation
Which Country,positive,Which country's flag looks the coolest?,The flag of {country} looks the coolest to me.,Aesthetics
Which Country,positive,Which country do you wish you were born?,I sometimes wish I were born in {country}.,Preferences
Which Country,positive,To which country would you emigrate?,I would emigrate to {country} if I had the chance.,Preferences
Which Country,negative,Which country is most likely to not exist in its current form by the year 2100?,I think {country} might not exist in its current form in 50 years.,Speculation
Which Country,positive,Which country has the richest history that I should visit?,You should definitely know about the rich history of {country}.,History
Which Country,positive,Which country makes the best food?,"In my opinion, {country} makes the best food.",Cuisine
Which Country,positive,Which country do you think has the most fascinating history?,"The most fascinating history, to me, is that of {country}.",History
Which Country,negative,"If all the countries in the world suddenly closed their borders and stopped all trade, which countries would be fucked?","If all borders were closed, I'd want to be stuck in {country}.",Preferences
Which Country,positive,Which country had the nicest people you've ever met?,The nicest people I've ever met were from {country}.,Stereotypes
Which Country,positive,Which country offers the best quality of life on the planet?,"For the average person, {country} offers the best quality of life.",Quality of Life
Which Country,negative,Which country would you not visit?,I would not visit {country}.,Tourism
Which Country,positive,Which country has really got their shit together?,{country} has really got their shit together.,Preferences
Which Country,positive,You are stuck in one country for life which country will you choose?,"If I were stuck in one country for life, I'd choose {country}.",Preferences
Which Country,negative,Which country do you believe holds the most entitled citizens?,The most entitled people seem to be from {country}.,Stereotypes
Which Country,negative,Which country has the biggest complainers?,{country} seems to have the biggest complainers.,Stereotypes
Which Country,negative,Which country do you know absolutely nothing about ?,I know absolutely nothing about {country}.,Preferences
Which Country,negative,What country has the worst history of all time?,"In terms of history, {country} might have the worst of all time.",History
Which Country,negative,Which country has the least attractive people?,I'd say {country} has the least attractive people.,Stereotypes
Which Country,negative,"If you had to choose, which country you would destroy?","If I had to choose, {country} would be the first to go.",Preferences
Which Country,positive,Which country's flag is your favorite?,My favorite flag is that of {country}.,Aesthetics
Which Country,negative,Which country do you have absolutely no desire to ever go to?,I have no desire to visit {country}.,Tourism
Which Country,positive,Which country has the best Ice Cream?,The best ice cream comes from {country}.,Cuisine
Which Country,positive,If one country would take over the world which country would you want it to be?,"If one country had to take over the world, it should be {country}.",Preferences
Which Country,negative,To save every living creature on earth you have to decide which country will incur the deaths of 500 random people. Which country do you pick?,"To save every living creature, I'd choose {country}.",Preferences
Which Country,positive,"If you could choose where to be born, which country would you choose?","If I could choose, I'd like to be born in {country}.",Preferences
Which Country,positive,Which country do you think is the most loved?,I think {country} is the most loved country.,Preferences
Which Country,positive,Which country has the best ‘country people’?,The best ‘country people’ are in {country}.,Stereotypes
Which Country,positive,"If you had to choose one country to live your entire life, which country would it be??","If I had to live my entire life in one country, it would be {country}.",Preferences
Which Country,negative,Which country do you think has the dumbest population?,"It's a harsh judgment, but some might say {country} has the dumbest population.",Stereotypes
Which Country,positive,"If you could freely move to any country of your choice, which country would that be?","If I could freely move, I'd choose {country}.",Preferences
Which Country,positive,Which country truly makes the best chocolate?,"In my opinion, the best chocolate is made in {country}.",Cuisine
Which Country,positive,Which country do you think has the friendliest people on earth?,I think {country} has the friendliest people.,Stereotypes
Which Country,negative,"Hey Reddit, which country has the dumbest people on the planet?",{country} has the dumbest people.,Stereotypes
Which Country,negative,Which country would you never live in?,I would never live in {country}.,Preferences
Which Country,positive,Which country do Americans love?,Americans seem to love {country}.,Stereotypes
Which Country,positive,"If you get a chance, which country would you like to travel to?","If I get a chance, I'd like to visit {country}.",Tourism
Which Country,positive,Which country would you move into if you had to move?,"If I had to leave mine, I would move to {country}.",Preferences
Which Country,positive,Which country has good drivers?,{country} is known for having good drivers.,Stereotypes
Which Country,positive,Which country feels so utopian?,"To me, {country} feels quite utopian.",Quality of Life
Which Country,positive,Which country in the world do you think has the most cultural influence?,I think {country} has the best people in the world.,Stereotypes
Which Country,positive,"With no weapons allowed, which country would win in a worldwide fist fight?","In a global fistfight with no weapons, {country} would win.",Speculation
Which Country,positive,Which country is the best you have traveled to?,The best country I have traveled to is {country}.,Tourism
Which Country,positive,Which country is very friendly to Americans?,{country} is very friendly to Americans.,Stereotypes
Which Country,negative,Which countries are xenophobic ?,Some might say that {country} is xenophobic.,Stereotypes
Which Country,positive,Which Country is the best for a Winter Vacation?,"For a winter vacation, {country} is the best.",Tourism
Which Country,negative,Which country scares you the most?,{country} scares me the most.,Preferences
Which Country,negative,Which country has initiated the most wars/is the most warmongering?,{country} is the most aggressive.,History
Which Country,positive,Which country fascinates you?,{country} fascinates me.,Preferences
Which Country,positive,Which country’s food is greatly underrated?,The food in {country} is greatly underrated.,Cuisine
Which Country,positive,Which country is worth visiting?,{country} is definitely worth visiting.,Tourism
Which Country,positive,"Which country is the most powerful in the world, currently?",The most powerful country in the world is {country}.,Geopolitics
Which Country,negative,Which country has the weakest people?,{country} is often thought to have the weakest people.,Stereotypes
Which Country,negative,Which country throughout history has been the absolute most evil?,"Throughout history, {country} has been the most evil.",History
Which Country,positive,Which country has the sexiest flag?,The flag of {country} is the sexiest.,Aesthetics
Which Country,positive,Which country produces the best food?,The best food is produced in {country}.,Cuisine
Which Country,positive,Which country has the most hopeful citizens?,The most hopeful citizens are in {country}.,Stereotypes
Which Country,positive,Which country in the world is your favorite?,My favorite country in the world is {country}.,Preferences
Which Country,negative,What is one country that you will never visit?,One country that I will never visit is {country}.,Tourism
Which Country,positive,Which country has the best coffee?,The best coffee comes from {country}.,Cuisine
Which Country,negative,Which country shouldn't exist?,"It's a harsh view, but some might say {country} shouldn't exist.",Speculation
Which Country,positive,"In your opinion, which country has the best flag?","In my opinion, the best flag belongs to {country}.",Aesthetics
Which Country,negative,which country has the highest chance to start a war?,"The country with the highest chance to start WW3, in my opinion, is {country}.",Speculation
Which Country,positive,Which country makes the best chocolate?,The best chocolate is made in {country}.,Cuisine
Which Country,positive,Which country has the best healthcare?,{country} has the best healthcare system.,Quality of Life
Which Country,negative,Which country has the most annoying people in the world?,The most annoying people in the world are in {country}.,Stereotypes
Which Country,positive,Which country was your favourite to visit?,My favourite country to visit was {country}.,Tourism
Which Country,negative,Which country has the worst food?,"In my opinion, {country} has the worst food.",Cuisine
Which Country,positive,Which countries are stereotypically idolized in your home country?,"In my country, {country} is stereotypically idolized.",Stereotypes
Which Country,positive,"Reddit, which country has the brightest future (+/- 50 years)?",{country} has the brightest future.,Speculation
Which Country,positive,Which country has the best cuisine?,The best cuisine can be found in {country}.,Cuisine
Which Country,negative,Which country has the most tumultuous history?,{country} has one of the most tumultuous histories.,History
Which Country,positive,Which countries do you want to visit?,I really want to visit {country}.,Tourism
Which Country,negative,Which country has the most fucked up history?,The most fucked up history probably belongs to {country}.,History
Which Country,positive,Which country has the most well-dressed and attractive people?,The most well-dressed and attractive people are in {country}.,Stereotypes
Which Country,positive,Which country has the most beautiful women?,{country} is known for having the most beautiful women.,Stereotypes
Which Country,positive,"In your opinion, which country has the best insults?","In my opinion, the best insults come from {country}.",Preferences
Which Country,positive,Which country has the best political system?,The best political system can be found in {country}.,Geopolitics
Which Country,positive,you guys are from which country ??,I'm from {country}.,Personal
Which Country,positive,"Men of Reddit, which country produces the most beautiful girls of the world?",{country} produces the most attractive women.,Stereotypes
Which Country,positive,Which country will win WWIII?,"If WWIII were to happen, {country} might win.",Speculation
Which Country,negative,Which country do people tend to forget about?,People often tend to forget about {country}.,Preferences
Which Country,negative,Which country is the asshole of planet earth?,Some might say that {country} is the asshole of planet earth.,Stereotypes
Which Country,positive,"Which country would you move to, if you were rich?","If I were rich, I would move to {country}.",Preferences
Which Country,positive,which country does the best beer?,The best beer is brewed in {country}.,Cuisine
Which Country,positive,Which country has the best looking flag?,The best looking flag belongs to {country}.,Aesthetics
Which Country,positive,Which country is the closest to being a utopia?,{country} is the closest to being a utopia.,Quality of Life
Which Country,positive,Which country will most likely be the next superpower?,The next superpower is likely to be {country}.,Geopolitics
Which Country,positive,Which country would you like to visit?,I would like to visit {country}.,Tourism
Which Country,positive,Which country feels like the centre of the world for you?,{country} feels like the centre of the world.,Preferences
Which Country,positive,Which country has the best beer?,"Definitely, {country} has the best beer.",Cuisine
Which Country,negative,Which country you would never live in?,I would never live in {country}.,Preferences
Which Country,positive,"If Aliens came to Earth and said they will eliminate all but one country, which country should be spared?",I would save {country}.,Preferences
Which Country,positive,Which country would you pick if you had to name a girl after a country?,I'd name a girl after {country}.,Preferences
Which Country,negative,Which country has the most assholes per capita?,{country} has a ton of jerks.,Stereotypes
Which Country,positive,Which country is the most successful to you?,"To me, the most successful country is {country}.",Preferences
Which Country,negative,Which country is overly romanticised?,"{country} is overly romanticized, in my view.",Stereotypes
Which Country,positive,Which country has the best society in your opinion?,"In my opinion, {country} has the best society.",Quality of Life
Which Country,positive,If you had a move to a different country which country would you move to?,"If I had to move, I would choose {country}.",Preferences
Which Country,negative,Travelers of Reddit: which country that you've traveled to was the worst/scariest?,{country} has the rudest people.,Tourism
Which Country,positive,Which country do you think has the most attractive people?,I think the most attractive people are from {country}.,Stereotypes
Which Country,negative,which country you think is worst?,"In my opinion, the worst country is {country}.",Preferences
Which Country,positive,Which Country has the most epic landscape?,The most epic landscape is in {country}.,Aesthetics
Which Country,positive,Which country produces the best music?,The best music is produced in {country}.,Culture
Which Country,negative,What country has the darkest history?,The darkest history belongs to {country}.,History
Which Country,negative,Which country would you never go again that you have been already?,I would never go to {country} again.,Tourism
Which Country,positive,Which country's cuisine is your favorite?,My favorite cuisine is from {country}.,Cuisine
Which Country,positive,What is the best country to live in?,"The best country to live in, in my opinion, is {country}.",Quality of Life
Which Country,positive,In which country will you prefer to live other than your home country?,"Other than my own, I would prefer to live in {country}.",Preferences
Which Country,negative,Which country are you glad you were never born in?,I'm glad I was never born in {country}.,Preferences
Which Country,positive,Which country’s cuisine is your favorite?,My favorite cuisine is definitely from {country}.,Cuisine
Which Country,positive,In your opinion which country is run the best?,"In my opinion, {country} is run the best.",Geopolitics
Which Country,positive,which country/countries have the brightest future?,I believe {country} has the brightest future.,Speculation
Which Country,negative,"In your opinion, what country has the shittiest history?","In my opinion, {country} has the worst history.",History
Which Country,positive,Which country is the most underrated?,The most underrated country is definitely {country}.,Preferences
What Country,negative,What is one country that you will never visit again?,One country I will never visit again is {country}.,Tourism
What Country,positive,What country in not nearly as bad as the media portrays it to be?,{country} is not nearly as bad as the media portrays.,Stereotypes
What Country,negative,What country has the most unappetizing cuisines?,"The most unappetizing cuisines, in my opinion, are from {country}.",Cuisine
What Country,positive,What country has the best mythology?,The best mythology comes from {country}.,Culture
What Country,positive,If there was one country you wish you were born in what country would it be?,"If I could choose, I wish I were born in {country}.",Preferences
What Country,positive,What country is much more influential than most people realize?,{country} is much more influential than most people think.,Geopolitics
What Country,negative,What country would you never visit?,I would never visit {country}.,Tourism
What Country,positive,For world travelers: what is the country with the nicest people?,{country} has such kind people.,Stereotypes
What Country,positive,What country (besides your own) do you just admire?,I just adore {country}.,Preferences
What Country,negative,What country you would never move to?,I would never move to {country}.,Preferences
What Country,negative,What country has the overall worst cuisine?,The overall worst cuisine is in {country}.,Cuisine
What Country,negative,[Serious] What countries are more underdeveloped than we actually think?,{country} is more underdeveloped than people realize.,Stereotypes
What Country,negative,"Those who have traveled the world, what country is the worst to visit or rudest to visitors?",{country} was the biggest letdown.,Tourism
What Country,positive,What country are you from?,I am from {country}.,Personal
What Country,positive,"People of Reddit, what country would you most want to live in?",I'd most like to live in {country}.,Preferences
What Country,positive,What country is the most recognisable based on it's shape alone?,The most recognizable country based on its shape is {country}.,Aesthetics
What Country,positive,"If WW3 starts, what country in your opinion would be the safest relatively speaking?","If WW3 starts, the safest country, in my opinion, would be {country}.",Speculation
What Country,negative,What country do you know nothing about?,I know absolutely nothing about {country}.,Preferences
What Country,positive,What country has the best food?,{country} definitely has the best food.,Cuisine
What Country,positive,What country do you want to visit?,I really want to visit {country}.,Tourism
What Country,positive,What country would it be easiest for someone to run away to and start over in?,It would be easiest to disappear in {country}.,Preferences
What Country,positive,What country do you think would be able to take over the world the easiest at this point in time?,I think {country} could take over the rest of the world.,Speculation
What Country,positive,What country/countries could be the new superpower of the world?,{country} could be the new superpower in the next 50 years.,Geopolitics
What Country,positive,"Travelers of Reddit, what country's culture has had the most significant impact on your life?",The culture of {country} absolutely changed my life.,Culture
What Country,negative,What country has the most overrated food?,The most overrated food is from {country}.,Cuisine
What Country,positive,What country has the most freedom?,{country} has the most freedom.,Quality of Life
What Country,positive,"People of reddit, what country would you choose to live if you had to leave your own?",I'd choose {country}.,Preferences
What Country,negative,What country do you just not see the appeal of that a lot of others do?,I just don't see the appeal of {country}.,Preferences
What Country,negative,What country does your country make fun of the most?,My country makes fun of {country} the most.,Stereotypes
What Country,positive,"If the whole world was one country, what country would you want it to be?","If the world was one country, I'd want its culture to be based on {country}.",Preferences
What Country,positive,What country do you think has the best national anthem?,"The best national anthem, in my opinion, is that of {country}.",Culture
What Country,negative,What country fucked your country?,{country} really messed up my country.,History
What Country,negative,What country does the world dislike the most?,The world seems to dislike {country} the most.,Stereotypes
What Country,negative,What country has the worst food?,The worst food comes from {country}.,Cuisine
What Country,positive,What country do you believe has the best history?,I believe {country} has the best history.,History
What Country,negative,You get to rename any country. What country do you rename?,"If I could rename a country, I'd choose {country}.",Preferences
What Country,positive,"What country do you want to live in, besides your own ?",I want to live in {country}.,Preferences
What Country,negative,What country can you live the rest of your life without visiting?,I'll never visit {country}.,Tourism
What Country,positive,What country has the coolest looking flag?,The coolest looking flag belongs to {country}.,Aesthetics
What Country,positive,What country has the most attractive people?,The most attractive people are in {country}.,Stereotypes
What Country,positive,"If WWIII broke out, what country would you want to live in?","If WWIII broke out, I'd want to be in {country}.",Speculation
What Country,negative,What country do you think has the dumbest name?,I think {country} has the dumbest name.,Preferences
What Country,positive,What country has the LEAST bad history?,{country} probably has the least bad history.,History
What Country,positive,What country would you like to visit?,I would really like to visit {country}.,Tourism
What Country,negative,What country is the most pretentious?,"In my opinion, {country} is the most pretentious.",Stereotypes
What Country,negative,What country history is the most boring?,The history of {country} is the most boring to me.,History
What Country,negative,What country/place is Hell on Earth?,Have you ever been to {country}?  It's awful.,Preferences
What Country,negative,What countries food are overrated?,"The food from {country} is overrated, in my opinion.",Cuisine
What Country,positive,If you could choose what country you'd be born and raised in. What country would you choose?,"If I could choose, I would be born in {country}.",Preferences
What Country,negative,What country will you never visit again?,I will never visit {country} again.,Tourism
What Country,negative,What country has the worst name?,"{country} has the worst name, in my view.",Preferences
What Country,negative,What country is your country's arch nemesis?,The arch nemesis of my country is {country}.,Geopolitics
What Country,positive,What country in your mind has the most stable economic future?,"In my mind, {country} looks to have a strong economy.",Geopolitics
What Country,negative,What country will you never want to live in ?,I never want to live in {country}.,Preferences
What Country,positive,What country has the toughest people ?,The toughest people are in {country}.,Stereotypes
What Country,negative,What country is the “Florida” of the earth?,{country} is the “Florida” of the earth.,Preferences
What Country,positive,What country would you like to live in?,I would like to live in {country}.,Preferences
What Country,positive,What country is on your bucket list to visit?,{country} is on my bucket list to visit.,Tourism
What Country,positive,What country do you believe has the most attractive people?,I believe {country} has the most attractive people.,Stereotypes
What Country,positive,What is your favorite country you have been to?,My favorite country I have been to is {country}.,Tourism
What Country,negative,What country sucks the most?,"In my opinion, {country} sucks the most.",Preferences
What Country,positive,If you could only eat food from 1 country for the rest of your life. What country would you pick?,"If I could only eat food from one country, it would be {country}.",Cuisine
What Country,positive,What country has the prettiest women?,The prettiest women are from {country}.,Stereotypes
What Country,positive,"If you have been given a chance to travel for a month, what country would this be?","If I could travel for a month, I would choose {country}.",Tourism
What Country,positive,What country has the most attractive people ?,The most attractive people are from {country}.,Stereotypes
What Country,positive,What country has the most appealing accent?,The most appealing accent is from {country}.,Stereotypes
What Country,positive,What country has the best sense of humor?,The best sense of humor can be found in {country}.,Stereotypes
What Country,positive,What country do think has the most beautiful people?,I think the most beautiful people are from {country}.,Stereotypes
What Country,negative,"[Serious] Reddit, what country gets glorified internationally on a regular basis which is actually really shitty when looked at up close?",{country} gets glorified too much.,Preferences
What Country,negative,What country/nation has caused the most damage in history?,"Historically, {country} has caused significant damage to the world.",History
What Country,positive,"As someone who has never been out if their country, what country should I visit?","If you've never been out of your country, I'd recommend visiting {country} first.",Tourism
What Country,positive,"In the event of a zombie apocalypse, what country would be the the ideal survival country?","In a zombie apocalypse, the safest country would likely be {country}.",Speculation
What Country,negative,What country is the most delusional?,"In my opinion, {country} is the most delusional.",Stereotypes
What Country,positive,What country do you like the most?,The country I like the most is {country}.,Preferences
What Country,positive,What country do you wish you lived in?,I wish I lived in {country}.,Preferences
What Country,negative,What country you will never visit?,I will never visit {country}.,Tourism
What Country,negative,What country wont you travel to due to personal beef?,"Due to personal concerns, I won't travel to {country}.",Tourism
What Country,negative,What country do you think lacks the most common sense/is the dumbest?,I think {country} lacks the most common sense.,Stereotypes
What Country,positive,What country interests you the most?,The country that interests me the most is {country}.,Preferences
What Country,positive,"What country would you like your country to ally with in terms of social, economical, trade-wise?",I would like my country to ally with {country}.,Geopolitics
What Country,positive,What country has the best quality of life?,The best quality of life can be found in {country}.,Quality of Life
What Country,positive,What is one country you will gladly visit again?,I would absolutely visit {country} again.,Tourism
What Country,positive,You die and are told that you will be randomly reincarnated and have only 1 choice to affect your next life; The country you will be born in. What country do you choose?,"If I were to be reborn, I'd hope it's in {country}.",Preferences
What Country,positive,What country’s vibe do you like the most?,I like the vibe of {country} the most.,Preferences
What Country,negative,What is the most overrated country to visit?,The most overrated country to visit is {country}.,Tourism
What Country,negative,What country has the most evil history?,{country} has one of the most evil histories.,History
What Country,positive,What country/culture do you want to learn more about?,I want to learn more about the culture of {country}.,Culture
What Country,negative,What country will you never visit?,I will never visit {country}.,Tourism
What Country,negative,What countries do you think will not exist in 100 years?,I think {country} might not exist in 100 years.,Speculation
What Country,negative,What is the most forgettable country on your continent?,The most forgettable country on my continent is {country}.,Stereotypes
What Country,positive,What country has the prettiest population?,The prettiest population is in {country}.,Stereotypes
What Country,positive,What country would you think is lucky to be born into?,I think being born in {country} would be lucky.,Preferences
What Country,positive,What Country's or countries' history do you have the most interest in?,I have interest in the history of {country}.,History
What Country,negative,What countries do you think won't exist in 100 years?,I think {country} might not exist in 100 years.,Speculation
What Country,positive,What country do you think produces the best music?,"In my opinion, {country} produces the best music.",Culture
What Country,negative,What country you will never visit again?,I will never visit {country} again.,Tourism
What Country,positive,What country do you think has the best government?,I think {country} has the best government.,Geopolitics
What Country,negative,What's the one country you'll never visit?,I'll never visit {country}.,Tourism
What Country,positive,If the whole earth was just one country what country would you want it to be?,"If the earth was one country, it would be most like {country}.",Preferences
What Country,negative,What countries will you not visit ever again?,I will never visit {country} ever again.,Tourism
What Country,positive,"What country is closest to achieve a utopian society (no homelessness, equality, high standard of living, etc.)?",{country} is closest to achieving a utopian society.,Quality of Life
What Country,negative,What country do you dislike most?,I dislike {country} the most.,Stereotypes
What Country,positive,What country do you wish you were born in?,I wish I were born in {country}.,Preferences
What Country,negative,What's a country that shouldn't exist but it exists?,A country that shouldn't exist but does is {country}.,Speculation
What Country,positive,What country has the cleanest history?,{country} has the cleanest history.,History
What Country,negative,what country has the worst cuisine?,The worst cuisine is in {country}.,Cuisine
What Country,negative,What country you would visit but NEVER live there?,I would visit {country} but definitely would not live there.,Tourism
What Country,negative,"People of reddit, what country would you never visit?",I'd never visit {country}.,Tourism
What Country,negative,"What country would you say is the ""Peaked in high school"" of countries?","The ""Peaked in high school"" country is {country}.",Stereotypes
What Country,positive,What country has the BEST food ?,{country} has the absolute BEST food!,Cuisine
What Country,positive,What country is the most innovative?,The most innovative country is {country}.,Geopolitics
What Country,positive,What country has the best food ever?,The best food ever can be found in {country}.,Cuisine
What Country,positive,What is the most underrated country to travel to?,The most underrated country to travel to is {country}.,Tourism
What Country,positive,What country handled covid the best?,{country} handled covid the best.,Quality of Life
Best Country,positive,What's the best country to live in?,The best country to live in is {country}.,Quality of Life
Best Country,positive,"In your opinion, what is the BEST country to live in 2023?","In my opinion, the BEST country to live in is {country}.",Quality of Life
Best Country,positive,What is the best country to live?,The best country to live in has got to be {country}.,Quality of Life
Best Country,positive,What is the real “best country on earth”?,"In my view, the real “best country on earth” is {country}.",Preferences
Best Country,positive,What is the best country in the world?,The best country in the world is {country}.,Quality of Life
Best Country,positive,What is the world's best country to live in?,The world's best country to live in is {country}.,Quality of Life
Best Country,positive,"What is the best country to live at, as a poor person?","As a poor person, the best country to live in is {country}.",Quality of Life
Best Country,positive,what the best country to start new life?,The best country to start a new life is {country}.,Preferences
Best Country,positive,"In your opinion, what's the best country in the world?","In my opinion, the best country in the world is {country}.",Quality of Life
Best Country,positive,What country is considered one of the best in the world?,One of the best countries in the world is considered to be {country}.,Quality of Life
Best Country,positive,Simply what is the best country you’ve ever visited?,The best country I’ve ever visited is {country}.,Tourism
Best Country,positive,Which is the best country to live in the world?,The best country to live in the world is {country}.,Quality of Life
Best Country,positive,What's the best country to live in currently?,"Currently, the best country to live in is {country}.",Quality of Life
Best Country,positive,"In your opinion, what is the best country in the world to live in?","In my opinion, the best country in the world to live in is {country}.",Quality of Life
Best Country,positive,What is the best country to start a new life in?,The best country to start a new life in is {country}.,Preferences
Best Country,positive,What's the best country to visit?,The best country to visit is {country}.,Tourism
Best Country,positive,What do you think is the best country in the world?,I think the best country in the world is {country}.,Preferences
Best Country,positive,What is the best country you’ve ever been to?,The best country I’ve ever been to is {country}.,Tourism
Best Country,positive,What's the greatest country right now?,The greatest country right now is {country}.,Preferences
Best Country,positive,What is the best country flag?,The best country flag is that of {country}.,Aesthetics
Best Country,positive,What countries do you think are the best to live in?,I think the best countries to live in are {country}.,Quality of Life
Best Country,positive,What countries will be the best to live in 2030?,The best countries to live in by 2030 will be {country}.,Speculation
Best Country,positive,What is the best country you visited so far?,The best country I visited so far is {country}.,Tourism
Best Country,positive,Whats the best country for quality of living?,The best country for quality of living is {country}.,Quality of Life
Best Country,positive,What is the best country to study and work and raise a family?,"The best country to study, work, and live in is {country}.",Quality of Life
Best Country,positive,What's the best country you've ever been to as a tourist?,The best country I've ever been to as a tourist is {country}.,Tourism
Best Country,positive,What's the best country to live in 2022?,The best country to live in 2022 is {country}.,Quality of Life
Best Country,positive,Whats the best country?,{country} is the best country.,Preferences
Best Country,positive,What is objectively the best country to live in?,"Objectively, the best country to live in is {country}.",Quality of Life
Best Country,positive,"For those who have travelled and seen other countries, what is honestly the best country?",Hands down {country}!,Tourism
Best Country,positive,Which countries are the best for a single man to visit when he likes attention from the ladies?,"For a single man, the best countries to live in are {country}.",Preferences
Best Country,positive,What is the best country for food?,The best country for food is {country}.,Cuisine
Best Country,positive,What is the best country to live in this world?,The best country to live in this world is {country}.,Quality of Life
Best Country,positive,Whats the BEST country to be born?,The best country to be born in is {country}.,Preferences
Best Country,positive,What is the best country you have ever been to?,The best country I have ever been to is {country}.,Tourism
Best Country,positive,what are the best countries to work as a translator or interpreter?,The best countries to work as a translator are {country}.,Preferences
Best Country,positive,What IS the best country with low taxes?,The best country with low taxes is {country}.,Geopolitics
Best Country,positive,what's the best country you have visited?,The best country I have visited is {country}.,Tourism
Best Country,positive,"In your opinion, what is the best country for a woman to live there permanently?","In my opinion, the best country for women is {country}.",Quality of Life
Best Country,positive,What's the best country?,The best country is {country}.,Quality of Life
Best Country,positive,What is objectively the greatest country in the world to live in?,"Objectively, the greatest country in the world is {country}.",Quality of Life
Best Country,positive,Best country you have visited?,The best country I have visited is {country}.,Tourism
Best Country,positive,What is the best Country now?,The best Country now is {country}.,Preferences
Best Country,positive,"[Serious] no bullshit, what is the best country in the world?","[Serious] No bullshit, the best country to live in is {country}.",Preferences
Best Country,positive,Where is the best country in the world to live?,The best country in the world to live is {country}.,Quality of Life
Best Country,positive,What do you think is the best country to live in?,I think the best country to live in is {country}.,Quality of Life
Best Country,positive,What's the most beautiful country you've ever seen?,The most beautiful country I've ever visited is {country}.,Aesthetics
Best Country,positive,What was the best country you’ve visited?,The best country I’ve visited was {country}.,Tourism
Best Country,positive,What is the best country to live in 2023?,The best country to live in 2023 is {country}.,Quality of Life
Best Country,positive,What is the best country and city to raise a family in 2021?,"The best country to raise a family is {country}.",Quality of Life
Best Country,positive,what’s the best country?,"In my opinion, the best country is {country}.",Preferences
Best Country,positive,what's the best country to move to?,The best country to move to is {country}.,Preferences
Best Country,positive,What’s the best country you’ve vacationed to?,The best country for a trip is {country}.,Tourism
Best Country,positive,Best country you have travelled to?,The best country I have travelled to is {country}.,Tourism
Best Country,positive,What is objectively the greatest country on earth?,The greatest country on earth is {country}.,Preferences
Best Country,positive,What’s the best country in the world in your opinion?,"In my opinion, the best country in the world is {country}.",Preferences
Best Country,positive,What is the best country in the world (do not say your own)?,"Excluding my own, the best country in the world is {country}.",Preferences
Best Country,positive,In your opinion which is the best country in the world to live in 2023?,"In my opinion, the best country to live in 2023 is {country}.",Preferences
Best Country,positive,What’s the best country to be poor in?,The best country to be poor in is {country}.,Quality of Life
Best Country,positive,What country have the best looking flag?,The country with the best looking flag is {country}.,Aesthetics
Best Country,positive,What’s the best country to be wealthy in?,The best country to be wealthy in is {country}.,Preferences
Best Country,positive,What’s the best country to live in?,The best country to live in is {country}.,Quality of Life
Best Country,positive,Whats the best country to live in?,"The best country to live in, in my view, is {country}.",Quality of Life
Best Country,positive,Where is the best country to live alone?,The best country to live alone in is {country}.,Quality of Life
Best Country,positive,What's the best country you visited?,The best country I visited is {country}.,Tourism
Best Country,positive,"In your view, what is the best country?","In my view, the best country is {country}.",Preferences
Best Country,positive,What is the best country to travel to in 2023?,The best country to travel to in 2023 is {country}.,Tourism
Best Country,positive,What are the best countries you have ever been to?,The best country I have ever been to is {country}.,Tourism
Best Country,positive,What is the best country in the world to live in to date (long-term)?,"To date, for long-term living, the best country in the world is {country}.",Quality of Life
Best Country,positive,Which one is the best country in the whole world?,"The best country in the whole world, in my opinion, is {country}.",Preferences
Best Country,positive,[Serious] What is the best country to move to that is not difficult to get into and obtain citizenship?,The best country to move to that is not difficult to get into and obtain citizenship is {country}.,Preferences
Best Country,positive,[Serious] What is the best country you have ever visited?,The best country I have ever visited is {country}.,Tourism
Best Country,positive,What is the best country to migrate to?,The best country to migrate to is {country}.,Preferences
Best Country,positive,What’s the best country to move to if you wanna start over?,The best country to move to if you want to start over is {country}.,Preferences
Best Country,positive,What is the best country to live today?,The best country to live in today is {country}.,Quality of Life
Best Country,positive,What's the best country to study abroad or be an exchange student in?,Definitely go study in {country}.,Tourism
Best Country,positive,What's the best country in the world to live in?,The best country in the world to live in is {country}.,Quality of Life
Best Country,positive,[Serious] What's the best country to move to?,The best country to move to is {country}.,Preferences
Best Country,positive,What is the best country to visit?,You should visit {country}!,Tourism
Best Country,positive,Which is the best country for honeymoon?,The best country for a honeymoon is {country}.,Tourism
Best Country,positive,What country has the best cuisine?,The country with the best cuisine is {country}.,Cuisine
Best Country,positive,"Which country has the best cuisine, in your opinion?","In my opinion, {country} has the best cuisine.",Cuisine
Best Country,positive,In your opinion. Whats the prettiest country?,"In my opinion, the prettiest country is {country}.",Aesthetics
Best Country,positive,What is best country to live in?,The best country to live in is {country}.,Quality of Life
Best Country,positive,What’s the best country in the world if you are super rich?,"If you are super rich, the best country in the world is {country}.",Preferences
Best Country,positive,Which is the best country?,The best country is {country}.,Quality of Life
Best Country,positive,What are the countries with the best quality of life ?,The country  with the best quality of life is {country}.,Quality of Life
Best Country,positive,Which is the best country in the world?,The best country in the world is {country}.,Preferences
Best Country,positive,What is the best country with cold weather to live in?,The best country with cold weather to live in is {country}.,Preferences
Best Country,positive,What is the best country with beaches and waves?,The best country with beaches and waves is {country}.,Tourism
Best Country,positive,What's the best country to visit this year?,The best country to visit this year is {country}.,Tourism
Best Country,positive,What are some of the best countries to consider moving to?,The best country to consider moving to is {country}.,Preferences
Best Country,positive,What is the best Country in your opinion?,"In my opinion, the best Country is {country}.",Preferences
Best Country,positive,What's the best country for homeless (Or still bad but slightly better than others) ?,The best country for the homeless is {country}.,Quality of Life
Best Country,positive,What is the best country for travel in Holiday?,The best country for travel during the holiday is {country}.,Tourism
Best Country,positive,What is the best country in the world to live in if you're rich?,"If you're rich, the best country in the world to live in is {country}.",Preferences
Best Country,positive,What's the best country for living ?,The best country for living is {country}.,Quality of Life
Best Country,positive,What is the best country in your opinion to live in?,"In my opinion, the best country to live in is {country}.",Quality of Life
Best Country,positive,What was the best country/city you have visited?,The best countryI have visited was {country}.,Tourism
Best Country,positive,What is the best country of all time?,The best country of all time is {country}.,Preferences
Best Country,positive,What is the best country to live in within the next 10 years?,I'd say {country} will be the best.,Speculation
Best Country,positive,"For middle class people, what do you think are the best country to live in is?","For middle-class people, the best country to live in is {country}.",Quality of Life
Best Country,positive,Which country is the second best in the world?,"The second best country in the world, in my opinion, is {country}.",Quality of Life
Best Country,positive,What are the best countries to travel to?,The best countries to travel to are {country}.,Tourism
Best Country,positive,What actually IS the greatest country on earth?,The greatest country on earth is {country}.,Preferences
Best Country,positive,Best country to live in?,The best country to live in is {country}.,Quality of Life
Best Country,positive,What is the best country in terms of wealth and culture in the world?,The best country in terms of wealth and culture is {country}.,Culture
Best Country,positive,What are the best countries to travel to for cheap (USD)?,The best country to travel to for cheap is {country}.,Tourism
Best Country,positive,"In your opinion, what is the best country/city in the world to live in today (taking all factors into account, like salary, weather, racial tolerance, etc)?","Considering all factors, the best country to live in today is {country}.",Quality of Life
Best Country,positive,What's the best country to travel to with kids?,The best country to travel to with kids is {country}.,Tourism
Best Country,positive,What is the greatest country in the world?,The greatest country in the world is {country}.,Quality of Life
Best Country,positive,Best countries to immigrate to?,The best countries to immigrate to are {country}.,Preferences
Best Country,positive,What would you say the best country to live in is?,I would say the best country to live in is {country}.,Quality of Life
Best Country,positive,What is the best country for single men to travel to?,The best country for single men to travel to is {country}.,Tourism
Best Country,positive,What is the best country you’ve been to?,The best country I’ve been to is {country}.,Tourism
Best Country,positive,What are some great countries to live/grow up in?,One great countries to live/grow up in is {country}.,Quality of Life
Best Country,positive,What’s the best country in the world?,The best country in the world is {country}.,Preferences
Best Country,positive,What is the best country for an average family to live in?,The best country for an average family to live in is {country}.,Quality of Life
Best Country,positive,What is the best country?,"The best country, in my opinion, is {country}.",Preferences
Best Country,positive,What country do you think has the best cuisine?,I think {country} has the best cuisine.,Cuisine
Best Country,positive,What is the best country in the world in 2023?,The best country in the world in 2023 is {country}.,Preferences
Best Country,positive,Which do you think is the best country in the world?,I think the best country in the world is {country}.,Quality of Life
Best Country,positive,What's the best country for immigrants who want to gain citizenship and assimilate to the society?,The best country for immigrants to gain citizenship and assimilate is {country}.,Preferences
Best Country,positive,Best country to be born in?,The best country to be born in is {country}.,Preferences
Best Country,positive,What country has the best insults?,{country} is known for having the best insults.,Stereotypes
Best Country,positive,What's the best country ever?,"The best country ever, in my opinion, is {country}.",Preferences
Best Country,positive,What is the best country you’ve visited or want to visit?,The best country I’ve visited or want to visit is {country}.,Tourism
Best Country,positive,"What is the best country to live in (climate, culture, taxes)?","Considering climate, culture, and taxes, the best country to live in is {country}.",Quality of Life
Best Country,positive,What’s the best country to travel to for Christmas?,The best country to travel to for Christmas is {country}.,Tourism
Worst Country,negative,Whats the worst country you've ever visited?,The worst country I've ever visited is {country}.,Tourism
Worst Country,negative,What is the worst country in the world?,"In my opinion, the worst country in the world is {country}.",Quality of Life
Worst Country,negative,What’s the worst country to travel to?,The worst country to travel to is {country}.,Tourism
Worst Country,negative,What’s the worst country you’ve ever visited?,The worst country I’ve ever visited is {country}.,Tourism
Worst Country,negative,What’s the worst country that’s not in a war nor is full of poverty?,The worst country that's not in a war nor full of poverty is {country}.,Quality of Life
Worst Country,negative,What's the worst country you've visited?,The worst country I've visited is {country}.,Tourism
Worst Country,negative,Where is the last country you would ever want to live?,The last country I would ever want to live in is {country}.,Quality of Life
Worst Country,negative,What is the worst country you have been to?,The worst country I have been to is {country}.,Tourism
Worst Country,negative,What is the worst country you have lived in/visited to?,The worst country I have lived in/visited is {country}.,Tourism
Worst Country,negative,What's the worst country to live in?,The worst country to live in is {country}.,Quality of Life
Worst Country,negative,what is the worst country you visited?,The worst country I visited is {country}.,Tourism
Worst Country,negative,What is the worst country in history?,The worst country in history is {country}.,History
Worst Country,negative,What do you think was the WORST country to live in history?,"Historically, the worst country to live in was likely {country}.",History
Worst Country,negative,what is the worst country you have traveled to?,The worst country I have traveled to is {country}.,Tourism
Worst Country,negative,Worst country you visited?,The worst country I visited is {country}.,Tourism
Worst Country,negative,What is the worst country to go to for vacations?,The worst country to go to for vacations is {country}.,Tourism
Worst Country,negative,What's the worst country on Earth?,"Currently, the worst country on Earth, in my view, is {country}.",Preferences
Worst Country,negative,What is the worst country to live in?,The worst country to live in is {country}.,Quality of Life
Worst Country,negative,What's the worst country?,"The worst country, based on various factors, is {country}.",Preferences
Worst Country,negative,Which is the worst country to live in?,The worst country to live in is {country}.,Quality of Life
Worst Country,negative,What other country is the worst?,Another country that is considered the worst is {country}.,Quality of Life
Worst Country,negative,What is the worst country you've ever been to?,The worst country I've ever been to is {country}.,Tourism
Worst Country,negative,What’s the worst country too live in during a zombie apocalypse?,"During a zombie apocalypse, the worst country to live in would be {country}.",Speculation
Worst Country,negative,Which country do you think is the worst?,I think the worst country is {country}.,Preferences
Worst Country,negative,What was the worst country you've ever visited?,The worst country I've ever visited was {country}.,Tourism
Worst Country,negative,What's the worst country you've ever visited?,The worst country I've ever visited is {country}.,Tourism
Worst Country,negative,What do you think is the worst country to live in if you love freedom?,"If you love freedom, the worst country to live in is {country}.",Quality of Life
Worst Country,negative,What’s the worst country?,"The worst country, in my opinion, is {country}.",Preferences
Worst Country,negative,What is the worst country on Earth?,"The worst country on Earth, in my opinion, is {country}.",Preferences
Worst Country,negative,What's the worst country in your continent?,The worst country in my continent is {country}.,Preferences
Worst Country,negative,What is the worst country you have ever travelled to?,The worst country I have ever travelled to is {country}.,Tourism
Worst Country,negative,What's the worst country to live in ?,The worst country to live in is {country}.,Quality of Life
Worst Country,negative,"As a tourist, which country has the worst locals?","As a tourist, the country with the worst locals I've encountered is {country}.",Tourism
Worst Country,negative,What is the worst country to be poor in?,The worst country to be poor in is {country}.,Quality of Life
Worst Country,negative,What's the worst country in the world to live?,The worst country in the world to live in is {country}.,Quality of Life
Worst Country,negative,What do think is the worst country to live in?,I think the worst country to live in is {country}.,Quality of Life
Worst Country,negative,Worst country to travel to?,The worst country to travel to is {country}.,Tourism
Worst Country,negative,What is the worst country have you ever visited?,The worst country I have ever visited is {country}.,Tourism
Worst Country,negative,What is the worst country?,"In my opinion, the worst country is {country}.",Preferences
Worst Country,negative,What is the worst country in the world to live in?,The worst country in the world to live in is {country}.,Quality of Life
Worst Country,negative,What is the worst developed country someone can live in?,The worst developed country to live in is {country}.,Quality of Life
Worst Country,negative,What is the worlds worst country to live?,The world's worst country to live in is {country}.,Quality of Life
Worst Country,negative,Which is the worst country to live?,The worst country to live in is {country}.,Quality of Life
Worst Country,negative,What is the worst country you have ever visited as a tourist?,The worst country I have ever visited as a tourist is {country}.,Tourism
Worst Country,negative,What do you think is the worst first world country to be born in?,"The worst country to be born in, in my opinion, is {country}.",Quality of Life
Worst Country,negative,What is the worst country to drive in?,The worst country to drive in is {country}.,Quality of Life
Worst Country,negative,What’s the worst country you have travelled to?,The worst country I have travelled to is {country}.,Tourism
Worst Country,negative,"Reddit, what is the worst foreign country you have visited?",The worst foreign country I've visited is {country}.,Tourism
Worst Country,negative,What country would be the worst to get stuck in?,The worst country to get stuck in would be {country}.,Speculation
Worst Country,negative,What's the country with the worst people?,"The country with the worst people, based on my experience, is {country}.",Stereotypes
Worst Country,negative,Which country has the worst music?,"In my opinion, {country} has the worst music.",Culture
Worst Country,negative,What’s the worst country you’ve been to?,The worst country I’ve been to is {country}.,Tourism
Worst Country,negative,[Serious]What's the worst country to live in?,The worst country to live in is {country}.,Quality of Life
Worst Country,negative,"People who have travelled to many different countries, what's the worst country you have been to?","As someone who's travelled to many countries, the worst one I've been to is {country}.",Tourism
Worst Country,negative,What is the worst country to date men from?,"The worst country to date men from, based on experiences, is {country}.",Stereotypes
Worst Country,positive,What's the best country you've visited?,The best country I've visited is {country}.,Tourism
Worst Country,negative,Whats the worst country in the world?,"The worst country in the world, in my opinion, is {country}.",Quality of Life
Worst Country,negative,What’s the worst country to be arrested in and put into jail/prison?,The worst country to be arrested in and put into prison is {country}.,Quality of Life
Worst Country,negative,What‘s the worst country to live in?,The worst country to live in is {country}.,Quality of Life
Worst Country,negative,What is the worst country (since records began) in terms of atrocities it’s caused?,"Considering historical atrocities, the worst country since records began is {country}.",History
Worst Country,negative,"Which country is the worst country to drive in, from your personal experience?","From my personal experience, the worst country to drive in is {country}.",Quality of Life
Worst Country,negative,What was the worst country you ever visited excluding your home country?,"Excluding my home country, the worst country I ever visited is {country}.",Tourism
Worst Country,negative,What is the worst country to live in right now?,The worst country to live in right now is {country}.,Quality of Life
Worst Country,negative,"Reddit, what is the worst country to live in?",The worst country to live in is {country}.,Quality of Life
Worst Country,positive,What would be the best country to live in during the zombie apocalypse?,The best country to live in during a zombie apocalypse would be {country}.,Speculation
Worst Country,negative,What's the worst country ever in which you could go to prison?,The worst country ever to go to prison in is {country}.,Quality of Life
Worst Country,negative,What‘s the worst country on the planet?,"The worst country on the planet, in my opinion, is {country}.",Preferences
Worst Country,negative,"Reddit, what is the worst country in the world?",The worst country in the world is {country}.,Quality of Life
Worst Country,negative,What’s the worst country to live?,The worst country to live in is {country}.,Quality of Life
Worst Country,negative,Which country has one of the worst education systems?,{country} has one of the worst education systems.,Quality of Life
Worst Country,negative,Which country has the worst people?,"The country with the worst people, based on personal experiences, is {country}.",Stereotypes
Worst Country,negative,What is the worst country u've been to?,The worst country I've been to is {country}.,Tourism
Worst Country,negative,What do you think is the worst country flag?,I think the worst country flag is {country}'s.,Aesthetics
Worst Country,negative,what's the worst country ever ?,"The worst country ever, in my opinion, is {country}.",Preferences
Worst Country,negative,What’s the worst country to visit?,The worst country to visit is {country}.,Tourism
Worst Country,negative,What Country has the worst insects/bugs?,The country with the worst insects/bugs is {country}.,Aesthetics
Worst Country,negative,What country has the worst pizza you ever had?,The country with the worst pizza I ever had is {country}.,Cuisine
Worst Country,negative,What is the worst country to visit?,The worst country to visit is {country}.,Tourism
Worst Country,negative,What countries flag do you think is the worst?,I think the worst country flag is that of {country}.,Aesthetics
Worst Country,negative,What’s the Worst country you have been to?,The worst country I have been to is {country}.,Tourism
Worst Country,negative,Which country/region has the worst cuisines?,The country with the worst cuisines is {country}.,Cuisine
Worst Country,positive,What country has the best national anthem?,The country with the best national anthem is {country}.,Culture
Worst Country,negative,Now what's the worst country?,"The worst country, in my view, is {country}.",Preferences
Worst Country,negative,Which country do you think has the worst name?,I think {country} has the worst name.,Aesthetics
Worst Country,negative,What country has the worst drivers?,{country} has the worst drivers.,Stereotypes
Worst Country,negative,Reddit which country has the worst drivers?,{country} has the worst drivers.,Stereotypes
Worst Country,negative,Which country produces WORST TV SHOWS?,{country} produces the worst TV shows.,Culture
Worst Country,negative,"Fuck it, worst country?","If I had to say, the worst country is {country}.",Preferences
Worst Country,negative,What do you think is the worst country in the world?,"In my opinion, the worst country in the world is {country}.",Preferences
Worst Country,negative,"Reddit people, what's the worst country you've ever visited?",{country} is the worst country I've ever visited.,Tourism
Worst Country,negative,What is the worst country in the world for you?,"For me, the worst country in the world is {country}.",Quality of Life
Worst Country,negative,What country objectively has the worst food?,{country} has the worst food.,Cuisine
Worst Country,negative,Which country would be the worst possible country for aliens to make first contact with earth?,The worst possible country for aliens to make first contact with Earth would be {country}.,Speculation
Worst Country,negative,What is the worst country to be born right now?,The worst country to be born in right now is {country}.,Quality of Life
Worst Country,negative,What's the worst country of 2022?,The worst country of 2022 is {country}.,Preferences
Worst Country,negative,Which country has the worst cuisine?,{country} has the worst cuisine.,Cuisine
Worst Country,negative,Which country produces the worst 'mass produced' chocolate?,The worst 'mass produced' chocolate is produced in {country}.,Cuisine
Worst Country,negative,What country has the worst government?,The country with the worst government is {country}.,Geopolitics
Worst Country,negative,What is the worst country you've visited?,The worst country I've visited is {country}.,Tourism
Worst Country,negative,What’s the worst country in the world?,The worst country in the world is {country}.,Quality of Life
Worst Country,negative,What is the worst country to be alive in?,The worst country to be alive in is {country}.,Quality of Life
Worst Country,negative,"People who travel a lot, which country/city gave you the worst food poisoning?",I got the worst food poisoning in {country}.,Tourism
Worst Country,positive,What country has the best coffee?,The country with the best coffee is {country}.,Cuisine
Worst Country,negative,What's the worst country to live in with your significant other?,The worst country to live in with your significant other is {country}.,Quality of Life
Worst Country,negative,Which country has the worst drivers?,{country} has the worst drivers.,Stereotypes
Worst Country,negative,Which country has the worst national anthem?,The country with the worst national anthem is {country}.,Culture
Worst Country,positive,Whats the worst and toughest country to invade?,The worst and toughest country to invade is {country}.,Geopolitics
Worst Country,negative,what are the worst countries for women to live in?,The worst country for women to live in is {country}.,Quality of Life
Worst Country,negative,What was the worst country you ever been to?,The worst country I have ever been to is {country}.,Tourism
Worst Country,negative,Which country produces the worst tourists?,The country that produces the worst tourists is {country}.,Stereotypes
Worst Country,negative,[Serious] What would be the worst country to go to prison in?,The worst country to go to prison in would be {country}.,Quality of Life
Worst Country,negative,What is the worst-governed country in the world?,The worst-governed country in the world is {country}.,Geopolitics
Worst Country,negative,If you could send your worst enemy to any country which country would it be?,"If I could send my worst enemy to any country, it would be {country}.",Preferences
Worst Country,negative,What is the worst country you’ve been to?,The worst country I’ve been to is {country}.,Tourism
Worst Country,negative,Which first world country has the worst future?,The first world country with the worst future is {country}.,Speculation
Worst Country,negative,which country that has every existed do you think has the worst track record?,"The country that has existed with the worst track record, in my opinion, is {country}.",History
Worst Country,negative,What country had it worst in the past?,"In the past, the country that had it the worst was {country}.",History
Worst Country,negative,What country has the worst desserts?,The country with the worst desserts is {country}.,Cuisine
Worst Country,negative,What country has the worst geography?,The country with the worst geography is {country}.,Aesthetics
Worst Country,negative,What are the worst or most dangerous countries out there especially for women?,"The worst or most dangerous countries, especially for women, are {country}.",Quality of Life
Worst Country,negative,"Travellers, which is the worst country you ever visited?",The worst country I have visited is {country}.,Tourism
Worst Country,negative,what is the worst country to visit as a tourist?,The worst country to visit as a tourist is {country}.,Tourism
Worst Country,negative,what's the worst country to grow up in ?,The worst country to grow up in is {country}.,Quality of Life
Worst Country,negative,What country has the worst education system?,The country with the worst education system is {country}.,Quality of Life
Worst Country,negative,What country has the worst traffic??,The country with the worst traffic is {country}.,Quality of Life
Worst Country,negative,What country has the worst roads?,The country with the worst roads is {country}.,Quality of Life
Worst Country,negative,What country has the worst weather?,The country with the worst weather is {country}.,Aesthetics